tau_0,sample_amount,number_i,t_first_l,cap_rate,slope
0.001,100000,30,16,1000000000000000000,-0.09231102107860945
0.01,100000,30,16,1000000000000000000,-0.3343239335469722
0.1,100000,30,16,1000000000000000000,-0.4100335817077985
