tau_0,sample_amount,number_i,t_first_l,slope
0.5,10000,3,16,-0.20722593265137268
1.0,10000,3,16,-0.36489136000785166
1.5,10000,3,16,-0.2413413000531639
