tau_0,sample_amount,number_i,t_first_l,cap_rate,slope
1.0,10000,8,16,1000000000000000000,-0.23336039714183432
1.0,100000,8,16,1000000000000000000,-0.33740567556280543
1.0,1000000,8,16,1000000000000000000,-0.31136014115888794
